{"cameraMode":{"drawMode":0,"name":"Shaded","section":"Shading Mode"},"sceneLighting":true,"audioPlay":false,"sceneViewState":{"m_AlwaysRefresh":false,"showFog":true,"showSkybox":true,"showFlares":true,"showImageEffects":true,"showParticleSystems":true,"showVisualEffectGraphs":true,"m_FxEnabled":true},"in2DMode":false,"pivot":{"x":-26.378530502319337,"y":3.869858980178833,"z":28.90558433532715},"rotation":{"x":0.10738126188516617,"y":0.043516144156455997,"z":0.004691151902079582,"w":-0.9932703375816345},"size":0.9727963209152222,"orthographic":false}