{"cameraMode":{"drawMode":0,"name":"Shaded","section":"Shading Mode"},"sceneLighting":false,"audioPlay":false,"sceneViewState":{"m_AlwaysRefresh":false,"showFog":true,"showSkybox":false,"showFlares":true,"showImageEffects":true,"showParticleSystems":true,"showVisualEffectGraphs":true,"m_FxEnabled":true},"in2DMode":false,"pivot":{"x":-4.232800006866455,"y":12.920540809631348,"z":-6.611539840698242},"rotation":{"x":-0.5105365514755249,"y":-0.0020659875590354206,"z":0.0012269174912944437,"w":-0.8598543405532837},"size":0.4330126941204071,"orthographic":false}