{"cameraMode":{"drawMode":0,"name":"Shaded","section":"Shading Mode"},"sceneLighting":true,"audioPlay":false,"sceneViewState":{"m_AlwaysRefresh":false,"showFog":true,"showSkybox":true,"showFlares":true,"showImageEffects":true,"showParticleSystems":true,"showVisualEffectGraphs":true,"m_FxEnabled":true},"in2DMode":false,"pivot":{"x":-0.8545317053794861,"y":-3.914226531982422,"z":-0.637664794921875},"rotation":{"x":-0.47398364543914797,"y":-0.0021151911932975055,"z":0.0011384027311578394,"w":-0.8805321455001831},"size":10.073465347290039,"orthographic":false}